Strain,Gene,Environment,Sequence_80bp,Ecological origins,Geographical origins
ABL,ABF1,YPD,CTGGAAATTCTAATGGAAAACCAATGCTGGATGTGGATGACAATGAAATAAATACAAAGAAGTACCAAACACCTAAATAT,Soil,South Africa
ABM,ABF1,YPD,CTGGAAATTCTAATGGAAAACCAATGCTGGATGTGGATGACAATGAAATAAATACAAAGAAGTACCAAACACCTAAATAT,Industrial,Spain
ABQ,ABF1,YPD,CTGGAAATTCTAATGGAAAACCAATGCTGGATGTGGATGACAATGAAATAAATACAAAGAAGTACCAAACACCTAAATAT,Soil,Finland
ABR,ABF1,YPD,CTGGAAATTCTAATGGAAAACCAATGCTGGATGTGGATGACAATGAAATAAATACAAAGAAGTACCAAACACCTAAATAT,Soil,Finland
ADD,ABF1,YPD,CTGGAAATTCTAATGGAAAACCAATGCTGGATGTGGATGACAATGAAATAAATACAAAGAAGTACCAAACACCTAAATAT,Soil,"Illinois, USA"
AEA,ABF1,YPD,CTGGAAATTCTAATGGAAAACCAATGCTGGATGTGGATGACAATGAAATAAATACAAAGAAGTACCAAACACCTAAATAT,Industrial,"Sao Paulo, Brazil"
AEG,ABF1,YPD,CTGGAAATTCTAATGGAAAACCAATGCTGGATGTGGATGACAATGAAATAAATACAAAGAAGTACCAAACACCTAAATAT,Industrial,Brazil
AEH,ABF1,YPD,CTGGAAATTCTAATGGAAAACCAATGCTGGATGTGGATGACAATGAAATAAATACAAAGAAGTACCAAACACCTAAATAT,Industrial,Brazil
AER,ABF1,YPD,CTGGAAATTCTAATGGAAAACCAATGCTGGATGTGGATGACAATGAAATAAATACAAAGAAGTACCAAACACCTAAATAT,Industrial,"San Jose sugar mill, Rio Piedras, Puerto Rico"
AFD,ABF1,YPD,CTGGAAATTCTAATGGAAAACCAATGCTGGATGTGGATGACAATGAAATAAATACAAAGAAGTACCAAACACCTAAATAT,Industrial,"Sao Paulo, Brazil"
AFR,ABF1,YPD,CTGGAAATTCTAATGGAAAACCAATGCTGGATGTGGATGACAATGAAATAAATACAAAGAAGTACCAAACACCTAAATAT,Industrial,"Sao Paulo, Brazil"
AGM,ABF1,YPD,CTGGAAATTCTAATGGAAAACCAATGCTGGATGTGGATGACAATGAAATAAATACAAAGAAGTACCAAACACCTAAATAT,Industrial,"Sao Paulo, Brazil"
AHC,ABF1,YPD,CTGGAAATTCTAATGGAAAACCAATGCTGGATGTGGATGACAATGAAATAAATACAAAGAAGTACCAAACACCTAAATAT,Industrial,"Sao Paulo, Brazil"
AHL,ABF1,YPD,CTGGAAATTCTAATGGAAAACCAATGCTGGATGTGGATGACAATGAAATAAATACAAAGAAGTACCAAACACCTAAATAT,Industrial,Spain
AHM,ABF1,YPD,CTGGAAATTCTAATGGAAAACCAATGCTGGATGTGGATGACAATGAAATAAATACAAAGAAGTACCAAACACCTAAATAT,Industrial,Spain
AHQ,ABF1,YPD,CTGGAAATTCTAATGGAAAACCAATGCTGGATGTGGATGACAATGAAATAAATACAAAGAAGTACCAAACACCTAAATAT,Industrial,Taiwan
AKN,ABF1,YPD,CTGGAAATTCTAATGGAAAACCAATGCTGGATGTGGATGACAATGAAATAAATACAAAGAAGTACCAAACACCTAAATAT,Soil,"Pennsylvania, USA"
AKP,ABF1,YPD,CTGGAAATTCTAATGGAAAACCAATGCTGGATGTGGATGACAATGAAATAAATACAAAGAAGTACCAAACACCTAAATAT,Industrial,"Santo Domingo, Ecuador"
AMH,ABF1,YPD,CTGGAAATTCTAATGGAAAACCAATGCTGGATGTGGATGAAAATGAAATAAATACAAAGAAGTACCAAACACCTAAATAT,Soil,"Sinyi, Nantou, Taiwan"
AMR,ABF1,YPD,CTGGAAATTCTAATGGAAAACCAATGCTGGATGTGGATGACAATGAAATAAATACAAAGAAGTACCAAACACCTAAATAT,Soil,"Jhuosi, Hualein, Taiwan"
AND,ABF1,YPD,CTGGAAATTCTAATGGAAAACCAATGCTGGATGTGGATGACAATGAAATAAATACAAAGAAGTACCAAACACCTAAATAT,Soil,"Pennsylvania, USA"
ANE,ABF1,YPD,CTGGAAATTCTAATGGAAAACCAATGCTGGATGTGGATGACAATGAAATAAATACAAAGAAGTACCAAACACCTAAATAT,Soil,"Pennsylvania, USA"
ANF,ABF1,YPD,CTGGAAATTCTAATGGAAAACCAATGCTGGATGTGGATGACAATGAAATAAATACAAAGAAGTACCAAACACCTAAATAT,Soil,"Pennsylvania, USA"
ANG,ABF1,YPD,CTGGAAATTCTAATGGAAAACCAATGCTGGATGTGGATGACAATGAAATAAATACAAAGAAGTACCAAACACCTAAATAT,Soil,"Pennsylvania, USA"
ANI,ABF1,YPD,CTGGAAATTCTAATGGAAAACCAATGCTGGATGTGGATGACAATGAAATAAATACAAAGAAGTACCAAACACCTAAATAT,Soil,"Pennsylvania, USA"
AQA,ABF1,YPD,CTGGAAATTCTAATGGAAAACCAATGCTGGATGTGGATGACAATGAAATAAATACAAAGAAGTACCAAACACCTAAATAT,Industrial,Spain
AQD,ABF1,YPD,CTGGAAATTCTAATGGAAAACCAATGCTGGATGTGGATGACAATGAAATAAATACAAAGAAGTACCAAACACCTAAATAT,Industrial,Spain
AQH,ABF1,YPD,CTGGAAATTCTAATGGAAAACCAATGCTGGATGTGGATGACAATGAAATAAATACAAAGAAGTACCAAACACCTAAATAT,Industrial,"Sao Paulo, Brazil"
ATQ,ABF1,YPD,CTGGAAATTCTAATGGAAAACCAATGCTGGATGTGGATGACAATGAAATAAATACAAAGAAGTACCAAACACCTAAATAT,Industrial,Spain
AVB,ABF1,YPD,CTGGAAATTCTAATGGAAAACCAATGCTGGATGTGGATGACAATGAAATAAATACAAAGAAGTACCAAACACCTAAATAT,Industrial,Spain
AVI,ABF1,YPD,CTGGAAATTCTAATGGAAAACCAATGCTGGATGTGGATGACAATGAAATAAATACAAAGAAGTACCAAACACCTAAATAT,Soil,Pennsylvanian
BAP,ABF1,YPD,CTGGAAATTCTAATGGAAAACCAATGCTGGATGTGGATGACAATGAAATAAATACAAAGAAGTACCAAACACCTAAATAT,Soil,"Wuzhi Mountain, Hainan province, China"
BAS,ABF1,YPD,CTGGAAATTCTAATGGAAAACCAATGCTGGATGTGGATGACAATGAAATAAATACAAAGAAGTACCAAACACCTAAATAT,Soil,Montalcino in Italy
BAT,ABF1,YPD,CTGGAAATTCTAATGGAAAACCAATGCTGGATGTGGATGACAATGAAATAAATACAAAGAAGTACCAAACACCTAAATAT,Soil,Montalcino in Italy
BBA,ABF1,YPD,CTGGAAATTCTAATGGAAAACCAATGCTGGATGTGGATGACAATGAAATAAATACAAAGAAGTACCAAACACCTAAATAT,Soil,Montalcino in Italy
BBB,ABF1,YPD,CTGGAAATTCTAATGGAAAACCAATGCTGGATGTGGATGACAATGAAATAAATACAAAGAAGTACCAAACACCTAAATAT,Soil,Montalcino in Italy
BBQ,ABF1,YPD,CTGGAAATTCTAATGGAAAACCAATGCTGGATGTGGATGACAATGAAATAAATACAAAGAAGTACCAAACACCTAAATAT,Soil,Hungary
BBS,ABF1,YPD,CTGGAAATTCTAATGGAAAACCAATGCTGGATGTGGATGACAATGAAATAAATACAAAGAAGTACCAAACACCTAAATAT,Soil,Hungary
BEG,ABF1,YPD,CTGGAAATTCTAATGGAAAACCAATGCTGGATGTGGATGACAATGAAATAAATACAAAGAAGTACCAAACACCTAAATAT,Industrial,Japan
BFA,ABF1,YPD,CTGGAAATTCTAATGGAAAACCAATGCTGGATGTGGATGACAATGAAATAAATACAAAGAAGTACCAAACACCTAAATAT,Soil,Slovenia
BFE,ABF1,YPD,CTGGAAATTCTAATGGAAAACCAATGCTGGATGTGGATGACAATGAAATAAATACAAAGAAGTACCAAACACCTAAATAT,Industrial,
BFM,ABF1,YPD,CTGGAAATTCTAATGGAAAACCAATGCTGGATGTGGATGACAATGAAATAAATACAAAGAAGTACCAAACACCTAAATAT,Industrial,Slovenia
BKD,ABF1,YPD,CTGGAAATTCTAATGGAAAACCAATGCTGGATGTGGATGACAATGAAATAAATACAAAGAAGTACCAAACACCTAAATAT,Soil,Netherlands
BNL,ABF1,YPD,CTGGAAATTCTAATGGAAAACCAATGCTGGATGTGGATGACAATGAAATAAATACAAAGAAGTACCAAACACCTAAATAT,Soil,"Ultura, Sweden"
BNT,ABF1,YPD,CTGGAAATTCTAATGGAAAACCAATGCTGGATGTGGATGACAATGAAATAAATACAAAGAAGTACCAAACACCTAAATAT,Soil,"Kuopio, Finland"
BNV,ABF1,YPD,CTGGAAATTCTAATGGAAAACCAATGCTGGATGTGGATGACAATGAAATAAATACAAAGAAGTACCAAACACCTAAATAT,Soil,"Turku, Finland"
BPA,ABF1,YPD,CTGGAAATTCTAATGGAAAACCAATGCTGGATGTGGATGACAATGAAATAAATACAAAGAAGTACCAAACACCTAAATAT,Soil,"Viik, Helsinki, Finland"
BRG,ABF1,YPD,CTGGAAATTCTAATGGAAAACCAATGCTGGATGTGGATGACAATGAAATAAATACAAAGAAGTACCAAACACCTAAATAT,Soil,"District of Hamma Bouziane, Constantine, Algeria"
BRK,ABF1,YPD,CTGGAAATTCTAATGGAAAACCAATGCTGGATGTGGATGACAATGAAATAAATACAAAGAAGTACCAAACACCTAAATAT,Industrial,Spain
CDB,ABF1,YPD,CTGGAAATTCTAATGGAAAACCAATGCTGGATGTGGATGACAATGAAATAAATACAAAGAAGTACCAAACACCTAAATAT,Soil,Japan
CDV,ABF1,YPD,CTGGAAATTCTAATGGAAAACCAATGCTGGATGTGGATGACAATGAAATAAATACAAAGAAGTACCAAACACCTAAATAT,Soil,Spain
CEA,ABF1,YPD,CTGGAAATTCTAATGGAAAACCAATGCTGGATGTGGATGACAATGAAATAAATACAAAGAAGTACCAAACACCTAAATAT,Soil,Spain
CEB,ABF1,YPD,CTGGAAATTCTAATGGAAAACCAATGCTGGATGTGGATGACAATGAAATAAATACAAAGAAGTACCAAACACCTAAATAT,Soil,Spain
CEC,ABF1,YPD,CTGGAAATTCTAATGGAAAACCAATGCTGGATGTGGATGACAATGAAATAAATACAAAGAAGTACCAAACACCTAAATAT,Soil,Spain
CED,ABF1,YPD,CTGGAAATTCTAATGGAAAACCAATGCTGGATGTGGATGACAATGAAATAAATACAAAGAAGTACCAAACACCTAAATAT,Soil,Spain
CEE,ABF1,YPD,CTGGAAATTCTAATGGAAAACCAATGCTGGATGTGGATGACAATGAAATAAATACAAAGAAGTACCAAACACCTAAATAT,Soil,Spain
CEF,ABF1,YPD,CTGGAAATTCTAATGGAAAACCAATGCTGGATGTGGATGACAATGAAATAAATACAAAGAAGTACCAAACACCTAAATAT,Soil,Spain
CEG,ABF1,YPD,CTGGAAATTCTAATGGAAAACCAATGCTGGATGTGGATGAAAATGAAATAAATACAAAGAAGTACCAAACACCTAAATAT,Soil,Taiwan
CEI,ABF1,YPD,CTGGAAATTCTAATGGAAAACCAATGCTGGATGTGGATGAAAATGAAATAAATACAAAGAAGTACCAAACACCTAAATAT,Soil,Taiwan
CIA,ABF1,YPD,CTGGAAATTCTAATGGAAAACCAATGCTGGATGTGGATGACAATGAAATAAATACAAAGAAGTACCAAACACCTAAATAT,Industrial,"Bretagne, France"
CIB,ABF1,YPD,CTGGAAATTCTAATGGAAAACCAATGCTGGATGTGGATGACAATGAAATAAATACAAAGAAGTACCAAACACCTAAATAT,Industrial,"Bretagne, France"
CKH,ABF1,YPD,CTGGAAATTCTAATGGAAAACCAATGCTGGATGTGGATGACAATGAAATAAATACAAAGAAGTACCAAACACCTAAATAT,Industrial,"Paris, France"
SACE_GAL,ABF1,YPD,CTGGAAATTCTAATGGAAAACCAATGCTGGATGTGGATGACAATGAAATAAATACAAAGAAGTACCAAACACCTAAATAT,Lab strain,USA
SACE_GAV,ABF1,YPD,CTGGAAATTCTAATGGAAAACCAATGCTGGATGTGGATGACAATGAAATAAATACAAAGAAGTACCAAACACCTAAATAT,Lab strain,
SACE_YBR,ABF1,YPD,CTGGAAATTCTAATGGAAAACCAATGCTGGATGTGGATGACAATGAAATAAATACAAAGAAGTACCAAACACCTAAATAT,Industrial,Spain
SACE_YCB,ABF1,YPD,CTGGAAATTCTAATGGAAAACCAATGCTGGATGTGGATGACAATGAAATAAATACAAAGAAGTACCAAACACCTAAATAT,Soil,South Africa
SACE_YCC,ABF1,YPD,CTGGAAATTCTAATGGAAAACCAATGCTGGATGTGGATGACAATGAAATAAATACAAAGAAGTACCAAACACCTAAATAT,Industrial,"Illinois, USA"
SACE_YCG,ABF1,YPD,CTGGAAATTCTAATGGAAAACCAATGCTGGATGTGGATGACAATGAAATAAATACAAAGAAGTACCAAACACCTAAATAT,Industrial,"Maryland, USA"
SACE_YCK,ABF1,YPD,CTGGAAATTCTAATGGAAAACCAATGCTGGATGTGGATGACAATGAAATAAATACAAAGAAGTACCAAACACCTAAATAT,Industrial,Thailand
SACE_YDK,ABF1,YPD,CTGGAAATTCTAATGGAAAACCAATGCTGGATGTGGATGACAATGAAATAAATACAAAGAAGTACCAAACACCTAAATAT,Industrial,Thailand
